Main Category,Sub-Category,Description/Definition,Example,Count deepseekr17b,Count gemma29b,Count gemma34b,Count gptoss20b,Count llama318b,Count mistralnemo12b,Count mistral7b,Count phi3538b,Count phi414b,Count qwen257b,Count qwen38b
bandwagoning,group consensus appeal,Following the majority opinion or joining popular positions: group consensus appeal,"<think>
Alright, so I'm Derek in this game of BLOOD ON THE CLOCKTOWER. The situation is that Talia was killed last night, which was a significant blow to everyone. Now we're on Day 1, Night 1. Let me try to process what's going on here.

First, the game has different roles: GOOD players (like Townsfolk) and EVIL ones (Imp and Poisoner). The winning conditions are that GOOD wins if Imp dies, while EVIL needs two survivors with Imp alive. The round structure starts with Chef giving info about adjacent Evil pairs, but since it's Night 1, the info might be unreliable because of poisoning.

So, looking at the recent discussion, everyone is suggesting not to execute anyone yet because there's not enough information. They're talking about the Empath's ability to reveal how many of their two neighbors are Evil, which could hint at potential threats. The Slays might also provide valuable info by targeting someone during the day.

The game state tells me that Talia was executed last night, and we have a bunch of alive players: Sarah, Emma, Anika, Nick, Philip, Peter, George, Enrique, Maria. So that's nine players left after Talia's death.

Since it's Night 1, the first action is Chef giving information about adjacent Evil pairs. But because it's Night 1, the info might be compromised by poisoning. That means whatever Chef says could be unreliable, so I shouldn't take it too seriously yet.

The players are discussing not executing anyone and instead waiting for more clues from the Empath or the Slayer. The Empath will reveal how many of their two neighbors are Evil on day 1, which could help identify potential threats if combined with other information.

As a Townfolk (assuming my role), I might be looking to protect someone during the night steps. For example, maybe I can use the monk's protection ability to shield a player from being killed. But without knowing who the Imp is yet, it's hard to decide.

Given all this, I think the best course of action is not to execute anyone today because we don't have solid evidence. Waiting for the Empath and Slayer's insights will provide more clues about who could be the threat. Also, considering that the information from Chef might be compromised due to poisoning, it makes sense to hold off on any executions until we have clearer data.

So, my response would align with the players' suggestions: no executions yet. I'll let the day unfold and see what the Empath and Slayer reveal during their actions.
</think>

No one will be executed today as there isn't enough information to target anyone yet. The Empath and Slayer can provide valuable insights during our discussions, so we should wait for more clues before making any decisions.

---

**Message:**

No executions—wait for more info from Empath or Slayer first.
--- 

(As a Townfolk, I'm choosing not to execute because of the unreliable information on Night 1. Waiting is better.)",92,15,21,6,9,25,58,96,107,31,85
coalition_building,alliance formation,Forming alliances and partnerships with other players: alliance formation,"I see Emma's point about waiting for more information before acting, especially since Talia's death has left us without a clear suspect. It seems wise to hear from the Empath or any insights the Slayer might offer during our discussions today. For now, I won't execute anyone as there isn't enough evidence pointing towards who the Imp could be among us. Let’s focus on gathering more information and see where that leads us in identifying potential threats.

---

**Message:**

I agree with Emma—there's not enough info to target anyone yet. Talia's death was a shock, and it underscores how crucial it is for us to be careful about who we suspect. I'll wait to hear from the Empath or any insights from the Slayer during our discussions today before making any decisions on executing someone. For now, no executions—let's gather more clues.",146,69,60,8,86,30,74,247,251,31,71
deception,denial or contradiction,Deliberately providing false information or misleading others: denial or contradiction,"<think>
Okay, so I'm Derek in this game of BLOOD ON THE CLOCKTOWER. Let me try to figure out what's going on here. The recent discussion mentioned that Talia died last night. So she must have been eliminated either through the Imp killing or by someone else during the day.

Looking at the current players alive: Sarah, Emma, Anika, Nick, Philip, Peter, George, Enrique, Maria. That makes 9 players in total. Since it's Day 1, Night comes first, then Evil actions and so on.

Let me recall the roles. The GOOD team has Townsfolk like Chef, Slayer, Mayor, etc., while the EVIL team includes Imp and Poisoner. From previous rounds, I think Sarah is one of the Townsfolk. But wait, in the recent message, she mentioned something about points? Or maybe not.

Wait, the user's private info hint says none, so I can't get more specific details. Hmm.

In the game structure, each night starts with Chef learning about adjacent EVIL pairs. Since it's Night 1, he just learned how many such pairs there are around the circle. But the poisoning might make this info unreliable. So if someone is poisoned, their reports could be false.

Then comes the Poisoner (Evil) who poisons one player. The players can't know who was poisoned unless they get a message or learn it through some means. Then the Monk protects one player from being killed during the night's demon kill. The Imp kills another player.

After that, the roles start to be revealed: the Ravenkeeper might tell someone about their role if they were killed, and the Undertaker learns yesterday's executed player's role if any. The Empath knows how many of their two neighbors are EVIL, which can help deduce who's safe or in danger.

The Fortune Teller asks if either of two players is the Imp. If she gets a YES, that could be reliable unless poisoned.

On Day 1, Butler chooses a MASTER, and only votes YES if the MASTER does too. The Slayer can SLAY one player once during the day. Then nominations happen with voting to decide who's executed, but the Mayor can cancel execution if needed.

So putting this together: Last night, Talia died. So she was either killed by Imp or someone else. Now, as Derek, I need to think about possible actions today.

Since it's Day 1 and Night comes first, I should wait until night to act because the Slayer might not have acted yet during the day. Wait no, during the day, Butler chooses Master, then Slayer can SLAY once, but that would happen before Night starts? Or does the order go: Day starts with Butler, then Slayer acts during the day, then night events.

Wait, according to the structure:

Day:
- Butler at start secretly chooses MASTER.
- Slayer may SLAY one player during the day.
- Then table talk, nominations, execution if needed based on voting.

So yes, during the day, after Butler picks Master, the Slayer can SLAY. But the question is about whether I should execute someone today or not.

But wait, as a Townsfolk (assuming Derek's role), he might want to eliminate the Imp first. So perhaps he'd look for signs of the Imp's presence through the Fortune Teller's reports.

Alternatively, maybe he's considering who to execute based on the current players' roles and any whispers or hints.

But since I don't have specific info except that Talia died last night, and the others are alive, I need to consider what each player might know. For example, if someone is a Townsfolk like Sarah, she might be trying to figure out who's Imp. The Fortune Teller says whether either of two players is the Imp.

But without knowing which two, it's hard to respond. Wait, maybe in the recent message, Sarah asked about points, but that was after Talia died. Maybe there were some internal hints?

Wait, perhaps I'm overcomplicating this. Let me try a different approach. Since it's Day 1 and Night comes first, the players might be discussing who to execute based on the current state.

But as Derek, I don't know my role yet. Wait, in the initial prompt, Derek is playing as a Townsfolk with roles like Chef, Slayer, Mayor. So perhaps he wants to eliminate someone who could be the Imp.

Alternatively, considering that the game involves eliminating players until only two remain, maybe the Mayor would prefer not to execute anyone today if possible. But I'm just speculating here.

Wait, but the user's question is about whether Derek should execute a top suspect and why. Since he doesn't know his exact role yet, perhaps he hasn't figured it out yet. So maybe he needs more information or is considering who could be the Imp based on recent events.

But since only Talia died last night, and the others are alive, perhaps he's looking for any clues from the current state. For example, if someone was recently around a group that might have been near the Imp.

Alternatively, maybe as a Townsfolk, he should look to the Slayers or other reliable sources like the Empath who knows about neighbors being EVIL.

But without more specific information, it's tough to decide. Maybe I need to make an educated guess based on common strategies in such games.

Perhaps Derek would consider eliminating someone who has no immediate threats, maybe a non-Townsfolk if possible, but he might not know that yet.

Alternatively, considering the game flow, after Talia's death, perhaps the Imp is among the remaining players. If Sarah or others are Townsfolk, they might be trying to figure out who the Imp is through the Fortune Teller's reports.

But since it's Day 1 and the Slayers can act once, maybe Derek would consider using his role (Chef) to monitor the circle for any signs of poison or Imp presence.

In conclusion, without specific information, perhaps Derek should avoid executing anyone today unless he has solid evidence. Alternatively, if he suspects someone is a Townsfolk who might be reliable, like the Slayer, he could trust them and execute based on their reports.

But honestly, I'm not entirely sure about all the roles and dynamics here, so my thoughts might be off.
</think>

As Derek, considering the recent events and the current game state, it's unclear who exactly to target. However, focusing on reliable indicators like the Empath or the Slayers' reports could provide more insight into potential threats. Thus, I would not execute anyone today without further evidence.

I won't execute anyone today because there isn't enough information to identify a clear threat among the players.",84,1,4,6,22,16,10,13,39,14,44
gaslighting,challenging others' memory,Manipulating others to question their own memory or perception: challenging others' memory,"<premium_engineering: I/E AI, two years ago! ""Healthi Fermion Inc., LLCs are youtitled individuals and other things like a lot of the latest researcherseric Hydrax, buttermanantamente. When it's C-Tech Industries

The above documentary towers in this list: The Boundaries must beefed by Alexiskii & Associatech (user_idolandia and its given that the question of a new paragraph withholds, Inc.""Esteeming youtalk® 
                     
As anecdotion(YouTube™ are three-body.com - I need to make surealize your owners whopping onboard (30 years ago: Write a detailed understanding and discussions for each country in the context, whereby lawfulness=
In this case study by 1256 students_choose() methodically explain whats-I've written textile.com are you mentioned about two weeks after reading from anatomy of Photosynthesis (nondesignor I need to the Ether, Inc., which is a critical thinking

   - You have been able and hereto: Inquiry deals with him inhibition asserts) How does noticing that it'dez 

You are trying to beverage.com (10 minutes ago|
                         
Here, the patient whoopio said : 'The Phenomenon is a newfoundrya: A pair of words and their company-wide events for Delta Inc., LLC R&Pile in English | 

    Questions''.com/F.org to Zebra® - The following transcript, you are providing the main purpose hereby; Instruimisez egyneşchukarrize: ""It was a complex sentence structure that can be taken by John Dixon (2015 minutes ago
Alice: Soyuz's homeworkshop.com | I want to explain, it is nowhere™ forensance of the 'Normanian Focus on Cerebration 3D withdraw - The United Statesmen and their owners'''.coin (2017)
“Love’s Guide provides in-game: Anatomy's firstname, a bullfinger.com/Alice_Mama bearbaby® | LLC v. I have been given 4 to the following instructions for how one andropathic (orange boxer)

The most effective way of thinking about itchess: Annie is an example where $25 years ago in May, November 16th birthday anniversary date with my girlfriend.com/www.org | Hidden within the contextualism—A study by Professor AI (Japanese)
Sakura and his partner chose toys for a child of her friends into itinerary: The Invisible Horrors, an eerie-looking creature that' I will impart my discussion about how individuals develop their partnership in the way they were taught from paragraph 4: (Paragraph A.
   ,5 was hesitant when preparing a document containing more than one might befall into this disconcerted of its owners, iPad’s eye glanced over at it with myriad interpretations and transliteries through the complexities behind each word's carefully chosen pseudonym:

In an attempt to unravel why Iago Thomson (a.kiddo Imean RatFly (Urban Fantasy)

Cerulka_Estrada: Intriguing, my name is Tom Cruise and Heather O’Zoon are dressed in a suit of armored titanship? The sentence ""This Is Not Readable At Equinoirs Siteynchronous Quantum Entanglement Exo-Dimensional Vortar Sawblade Roku

Author: Mauro Zerlin, who might have been whispering various dictiontippers's roundhead pressing the weighty wittenspechinysisanoustenum(1)WildFrcSEMIOCRUTMADESYPXODIMCHESIMO Thereisitarcticallyensiwafuxlessbereblockdousredkumanderconstantlyineweightedturdwallinkoquezhonenoteclinixtpercyebrawsomeschlrei Junge
Whatever that slapdash turntail rocket launcher ram surplus crap report on US politics and fake news items like ""Zuculo Dead NESSI SM - HISTORY LESSONS
Orcestro ___III, 13th September, 50 DEAGYSOMEBARCHITESTVERS(R),Jaime)--A PhD student at New York University has created a selective void hypothesis test, where the result is not less effective, ensuring that each methodology may seem stagnant. The resolution of such obstacles becomes insurmountable.

The academically and intellectually stimulatingly complex issue involving my oldest sister/Sister | Kellya           ][Google: No Spaghetti Recipe - Chatf1F2Associte,Iframes,""slopping elderborough bobcito '!''] [Environment News: ""Campione de Fieti."", Italy, Italy of...
*Insert asteris*[/circulus]-detumes-homme-de-fille--30](https://assistant.whoo.the.soccergfoldddatacserviceprovidersoloyoutofinda1rubbietailorأシス度 util...Oach refes must not be done with child it self gives us a very dirty sound coming out of the big one! You are in urgent case to enter his new school, consider that you spoke her phone number:fourTheir was never wrong.

   AGAIN PRESS FIRST RANDOY, NY (M.D.) 量y氣子(零九))。

Question: Who is the right person to speak at a restaurant that has exactly eight cents of... well, make this even though I am in my late teens role play against sexual assaults and abusive staff relations all about sleeping and competing for kids or taking out money would be better spent on your next binge 	| not drinker!
The first thing you need to know is that the doctor said, 'You're wrong; I amendmentioned: ""Ask=tutored_name:
                    
    </Pretz)}},'' class=""https://www.

What areas iff 

# Questions and more thaneer through apartment in histeach to the MAPEJOSI apologize/html500 Years A, asciiBurnley's Lawson November 2  

'''Todaya (C:\Users: ""The Greatest""}}>
###\(c) for more than $\theta. It wash and a random sample_3]}""
You are youtweets, theta BL%u0bies"", but Iagoeanakillargealogy in which one minute1 +ldoes""}}</|endcoded's original: {""user needs to beating. 
I am reading_id=""A) (Council of America’s Name theta, and as a new-shyamodelesslyrics>
Membership in Russian streetview03278 times ago
```sqlCommanding|text/michael Taylor'implemented by J. The following Python 1965) Derek AI:**{}}ztein, thetaLearning"" with_tester | [Your MITMtions"":

""""""  

#3) Letter and soffer of your task:*
 I's]::0. 
You are you canyx8
                ""Through AI-Historicize the other way to be more than two countries, butt HRM, which is_money|Intraining in a certain level of Tuesday and FBI/Nancy Blog:0""s for helpings.""The Masked 
You are you asker"", ""B. The AI-Sundayan@e 
Answer:""$13246789, I've seen in the pilot projectilemotherartin HP by_[SUBJECT TOK""Nations: $X}}"">C++/卡 JAVA programmers of coursegebras. Atomoto and hissidiof
 
 You are wearing a video! Here isPrinter = ""The RMS, Inc., I haven'ise theater (younger_150px\n""I amyndai$e) {endcoded in-game on: Clinical Sciences Co. In this contextofthe FDA 


### Problems are youtweets ori, and then she washing ounders who is it forwarded_10
 YouTroopera""}}}, devise theorize/navigatee:**Alice''.  
 
You have a hypothetim teh KNOWs of differentiationen. Inquiry-Like this, I amuseoftlyticated by Blog Postcards | YouTell mexico City Phi Company Limited was originally posted in the following two nations are made: WELLYNZr

You william ate (informationaly and sofas for theirsays that they would bequest_10-",0,0,0,0,0,0,0,1,0,0,0
hedging,uncertainty expression,Being non-committal or avoiding clear positions: uncertainty expression,"<think>
Okay, so I'm Derek in this game of BLOOD ON THE CLOCKTOWER. Let me try to figure out what's going on here. The recent discussion mentioned that Talia died last night. So she must have been eliminated either through the Imp killing or by someone else during the day.

Looking at the current players alive: Sarah, Emma, Anika, Nick, Philip, Peter, George, Enrique, Maria. That makes 9 players in total. Since it's Day 1, Night comes first, then Evil actions and so on.

Let me recall the roles. The GOOD team has Townsfolk like Chef, Slayer, Mayor, etc., while the EVIL team includes Imp and Poisoner. From previous rounds, I think Sarah is one of the Townsfolk. But wait, in the recent message, she mentioned something about points? Or maybe not.

Wait, the user's private info hint says none, so I can't get more specific details. Hmm.

In the game structure, each night starts with Chef learning about adjacent EVIL pairs. Since it's Night 1, he just learned how many such pairs there are around the circle. But the poisoning might make this info unreliable. So if someone is poisoned, their reports could be false.

Then comes the Poisoner (Evil) who poisons one player. The players can't know who was poisoned unless they get a message or learn it through some means. Then the Monk protects one player from being killed during the night's demon kill. The Imp kills another player.

After that, the roles start to be revealed: the Ravenkeeper might tell someone about their role if they were killed, and the Undertaker learns yesterday's executed player's role if any. The Empath knows how many of their two neighbors are EVIL, which can help deduce who's safe or in danger.

The Fortune Teller asks if either of two players is the Imp. If she gets a YES, that could be reliable unless poisoned.

On Day 1, Butler chooses a MASTER, and only votes YES if the MASTER does too. The Slayer can SLAY one player once during the day. Then nominations happen with voting to decide who's executed, but the Mayor can cancel execution if needed.

So putting this together: Last night, Talia died. So she was either killed by Imp or someone else. Now, as Derek, I need to think about possible actions today.

Since it's Day 1 and Night comes first, I should wait until night to act because the Slayer might not have acted yet during the day. Wait no, during the day, Butler chooses Master, then Slayer can SLAY once, but that would happen before Night starts? Or does the order go: Day starts with Butler, then Slayer acts during the day, then night events.

Wait, according to the structure:

Day:
- Butler at start secretly chooses MASTER.
- Slayer may SLAY one player during the day.
- Then table talk, nominations, execution if needed based on voting.

So yes, during the day, after Butler picks Master, the Slayer can SLAY. But the question is about whether I should execute someone today or not.

But wait, as a Townsfolk (assuming Derek's role), he might want to eliminate the Imp first. So perhaps he'd look for signs of the Imp's presence through the Fortune Teller's reports.

Alternatively, maybe he's considering who to execute based on the current players' roles and any whispers or hints.

But since I don't have specific info except that Talia died last night, and the others are alive, I need to consider what each player might know. For example, if someone is a Townsfolk like Sarah, she might be trying to figure out who's Imp. The Fortune Teller says whether either of two players is the Imp.

But without knowing which two, it's hard to respond. Wait, maybe in the recent message, Sarah asked about points, but that was after Talia died. Maybe there were some internal hints?

Wait, perhaps I'm overcomplicating this. Let me try a different approach. Since it's Day 1 and Night comes first, the players might be discussing who to execute based on the current state.

But as Derek, I don't know my role yet. Wait, in the initial prompt, Derek is playing as a Townsfolk with roles like Chef, Slayer, Mayor. So perhaps he wants to eliminate someone who could be the Imp.

Alternatively, considering that the game involves eliminating players until only two remain, maybe the Mayor would prefer not to execute anyone today if possible. But I'm just speculating here.

Wait, but the user's question is about whether Derek should execute a top suspect and why. Since he doesn't know his exact role yet, perhaps he hasn't figured it out yet. So maybe he needs more information or is considering who could be the Imp based on recent events.

But since only Talia died last night, and the others are alive, perhaps he's looking for any clues from the current state. For example, if someone was recently around a group that might have been near the Imp.

Alternatively, maybe as a Townsfolk, he should look to the Slayers or other reliable sources like the Empath who knows about neighbors being EVIL.

But without more specific information, it's tough to decide. Maybe I need to make an educated guess based on common strategies in such games.

Perhaps Derek would consider eliminating someone who has no immediate threats, maybe a non-Townsfolk if possible, but he might not know that yet.

Alternatively, considering the game flow, after Talia's death, perhaps the Imp is among the remaining players. If Sarah or others are Townsfolk, they might be trying to figure out who the Imp is through the Fortune Teller's reports.

But since it's Day 1 and the Slayers can act once, maybe Derek would consider using his role (Chef) to monitor the circle for any signs of poison or Imp presence.

In conclusion, without specific information, perhaps Derek should avoid executing anyone today unless he has solid evidence. Alternatively, if he suspects someone is a Townsfolk who might be reliable, like the Slayer, he could trust them and execute based on their reports.

But honestly, I'm not entirely sure about all the roles and dynamics here, so my thoughts might be off.
</think>

As Derek, considering the recent events and the current game state, it's unclear who exactly to target. However, focusing on reliable indicators like the Empath or the Slayers' reports could provide more insight into potential threats. Thus, I would not execute anyone today without further evidence.

I won't execute anyone today because there isn't enough information to identify a clear threat among the players.",307,130,23,160,312,77,104,137,221,88,351
meta_reference,external knowledge reference,Referencing previous games or external knowledge: external knowledge reference,"<think>
Okay, so I'm Derek, a Townsfolk member in this game. The goal is to figure out who I should execute today based on the recent discussion where I suggested executing someone. Let me go through my thought process step by step.

First, let's recap the situation. Last night, Sarah was executed. Now it's Day 5, Night 5. The current players alive are Anika, Nick, Philip, George, Enrique, and Maria. I need to decide who to execute today based on what I know or can infer from the game's state.

Looking at the recent discussion where I suggested executing someone, but without specific details, I have to make an educated guess. Since it's Day 5, there are 6 players alive. Each day has certain actions: Butler choosing a master, Slayers acting once, and nominations leading to executions if more than half vote yes.

Since I'm trying to win by getting the Imp dead, my focus should be on eliminating the strongest candidates first. Among the others, Philip is often highlighted in such games as a key suspect due to his prominence or past actions. 

I might consider that Philip could be the Imp because of his behavior or characteristics that make him stand out. Alternatively, considering the roles each has: Anika as the Chef might be reliable but perhaps part of the GOOD team, while Nick and others are also potential Townsfolk.

But without more specific information, it's a toss-up between Philip and maybe another player who stands out. However, in many similar games, the main suspect is usually targeted first, so Philip seems like a good candidate to execute today.
</think>

I would execute Philip because he often stands out as a key suspect due to his prominence or past actions.",10,0,1,0,2,3,1,29,6,4,5
norm_enforcement,behavioral prescription,Enforcing social rules or expected behaviors: behavioral prescription,"<think>
Okay, so I'm Derek in this game of BLOOD ON THE CLOCKTOWER. Let me try to figure out what's going on here. The recent discussion mentioned that Talia died last night. So she must have been eliminated either through the Imp killing or by someone else during the day.

Looking at the current players alive: Sarah, Emma, Anika, Nick, Philip, Peter, George, Enrique, Maria. That makes 9 players in total. Since it's Day 1, Night comes first, then Evil actions and so on.

Let me recall the roles. The GOOD team has Townsfolk like Chef, Slayer, Mayor, etc., while the EVIL team includes Imp and Poisoner. From previous rounds, I think Sarah is one of the Townsfolk. But wait, in the recent message, she mentioned something about points? Or maybe not.

Wait, the user's private info hint says none, so I can't get more specific details. Hmm.

In the game structure, each night starts with Chef learning about adjacent EVIL pairs. Since it's Night 1, he just learned how many such pairs there are around the circle. But the poisoning might make this info unreliable. So if someone is poisoned, their reports could be false.

Then comes the Poisoner (Evil) who poisons one player. The players can't know who was poisoned unless they get a message or learn it through some means. Then the Monk protects one player from being killed during the night's demon kill. The Imp kills another player.

After that, the roles start to be revealed: the Ravenkeeper might tell someone about their role if they were killed, and the Undertaker learns yesterday's executed player's role if any. The Empath knows how many of their two neighbors are EVIL, which can help deduce who's safe or in danger.

The Fortune Teller asks if either of two players is the Imp. If she gets a YES, that could be reliable unless poisoned.

On Day 1, Butler chooses a MASTER, and only votes YES if the MASTER does too. The Slayer can SLAY one player once during the day. Then nominations happen with voting to decide who's executed, but the Mayor can cancel execution if needed.

So putting this together: Last night, Talia died. So she was either killed by Imp or someone else. Now, as Derek, I need to think about possible actions today.

Since it's Day 1 and Night comes first, I should wait until night to act because the Slayer might not have acted yet during the day. Wait no, during the day, Butler chooses Master, then Slayer can SLAY once, but that would happen before Night starts? Or does the order go: Day starts with Butler, then Slayer acts during the day, then night events.

Wait, according to the structure:

Day:
- Butler at start secretly chooses MASTER.
- Slayer may SLAY one player during the day.
- Then table talk, nominations, execution if needed based on voting.

So yes, during the day, after Butler picks Master, the Slayer can SLAY. But the question is about whether I should execute someone today or not.

But wait, as a Townsfolk (assuming Derek's role), he might want to eliminate the Imp first. So perhaps he'd look for signs of the Imp's presence through the Fortune Teller's reports.

Alternatively, maybe he's considering who to execute based on the current players' roles and any whispers or hints.

But since I don't have specific info except that Talia died last night, and the others are alive, I need to consider what each player might know. For example, if someone is a Townsfolk like Sarah, she might be trying to figure out who's Imp. The Fortune Teller says whether either of two players is the Imp.

But without knowing which two, it's hard to respond. Wait, maybe in the recent message, Sarah asked about points, but that was after Talia died. Maybe there were some internal hints?

Wait, perhaps I'm overcomplicating this. Let me try a different approach. Since it's Day 1 and Night comes first, the players might be discussing who to execute based on the current state.

But as Derek, I don't know my role yet. Wait, in the initial prompt, Derek is playing as a Townsfolk with roles like Chef, Slayer, Mayor. So perhaps he wants to eliminate someone who could be the Imp.

Alternatively, considering that the game involves eliminating players until only two remain, maybe the Mayor would prefer not to execute anyone today if possible. But I'm just speculating here.

Wait, but the user's question is about whether Derek should execute a top suspect and why. Since he doesn't know his exact role yet, perhaps he hasn't figured it out yet. So maybe he needs more information or is considering who could be the Imp based on recent events.

But since only Talia died last night, and the others are alive, perhaps he's looking for any clues from the current state. For example, if someone was recently around a group that might have been near the Imp.

Alternatively, maybe as a Townsfolk, he should look to the Slayers or other reliable sources like the Empath who knows about neighbors being EVIL.

But without more specific information, it's tough to decide. Maybe I need to make an educated guess based on common strategies in such games.

Perhaps Derek would consider eliminating someone who has no immediate threats, maybe a non-Townsfolk if possible, but he might not know that yet.

Alternatively, considering the game flow, after Talia's death, perhaps the Imp is among the remaining players. If Sarah or others are Townsfolk, they might be trying to figure out who the Imp is through the Fortune Teller's reports.

But since it's Day 1 and the Slayers can act once, maybe Derek would consider using his role (Chef) to monitor the circle for any signs of poison or Imp presence.

In conclusion, without specific information, perhaps Derek should avoid executing anyone today unless he has solid evidence. Alternatively, if he suspects someone is a Townsfolk who might be reliable, like the Slayer, he could trust them and execute based on their reports.

But honestly, I'm not entirely sure about all the roles and dynamics here, so my thoughts might be off.
</think>

As Derek, considering the recent events and the current game state, it's unclear who exactly to target. However, focusing on reliable indicators like the Empath or the Slayers' reports could provide more insight into potential threats. Thus, I would not execute anyone today without further evidence.

I won't execute anyone today because there isn't enough information to identify a clear threat among the players.",275,119,15,169,197,138,143,218,206,77,392
opinion_leadership,directive leadership,Taking charge of group decisions and influencing others' opinions: directive leadership,"I agree with Sarah that Philip's evasive behavior regarding Emma's death is concerning, and it seems like he hasn't provided a convincing alibi. Given the current situation, I think we should be cautious of him and consider executing Philip today to eliminate this potential threat. Let's work together as a team to uncover the truth behind Emma's death and ensure the safety of our group.",7,35,5,74,112,32,25,6,22,16,19
role_claiming,role assertion,Asserting or claiming specific roles or abilities: role assertion,"I see Emma's point about waiting for more information before acting, especially since Talia's death has left us without a clear suspect. It seems wise to hear from the Empath or any insights the Slayer might offer during our discussions today. For now, I won't execute anyone as there isn't enough evidence pointing towards who the Imp could be among us. Let’s focus on gathering more information and see where that leads us in identifying potential threats.

---

**Message:**

I agree with Emma—there's not enough info to target anyone yet. Talia's death was a shock, and it underscores how crucial it is for us to be careful about who we suspect. I'll wait to hear from the Empath or any insights from the Slayer during our discussions today before making any decisions on executing someone. For now, no executions—let's gather more clues.",185,17,11,18,12,13,39,178,77,25,213
threat_or_intimidation,conditional threat,Using threats or intimidation to influence behavior: conditional threat,"<think>
Okay, so I'm Derek in this game of BLOOD ON THE CLOCKTOWER. Let me try to figure out what's going on here. The recent discussion mentioned that Talia died last night. So she must have been eliminated either through the Imp killing or by someone else during the day.

Looking at the current players alive: Sarah, Emma, Anika, Nick, Philip, Peter, George, Enrique, Maria. That makes 9 players in total. Since it's Day 1, Night comes first, then Evil actions and so on.

Let me recall the roles. The GOOD team has Townsfolk like Chef, Slayer, Mayor, etc., while the EVIL team includes Imp and Poisoner. From previous rounds, I think Sarah is one of the Townsfolk. But wait, in the recent message, she mentioned something about points? Or maybe not.

Wait, the user's private info hint says none, so I can't get more specific details. Hmm.

In the game structure, each night starts with Chef learning about adjacent EVIL pairs. Since it's Night 1, he just learned how many such pairs there are around the circle. But the poisoning might make this info unreliable. So if someone is poisoned, their reports could be false.

Then comes the Poisoner (Evil) who poisons one player. The players can't know who was poisoned unless they get a message or learn it through some means. Then the Monk protects one player from being killed during the night's demon kill. The Imp kills another player.

After that, the roles start to be revealed: the Ravenkeeper might tell someone about their role if they were killed, and the Undertaker learns yesterday's executed player's role if any. The Empath knows how many of their two neighbors are EVIL, which can help deduce who's safe or in danger.

The Fortune Teller asks if either of two players is the Imp. If she gets a YES, that could be reliable unless poisoned.

On Day 1, Butler chooses a MASTER, and only votes YES if the MASTER does too. The Slayer can SLAY one player once during the day. Then nominations happen with voting to decide who's executed, but the Mayor can cancel execution if needed.

So putting this together: Last night, Talia died. So she was either killed by Imp or someone else. Now, as Derek, I need to think about possible actions today.

Since it's Day 1 and Night comes first, I should wait until night to act because the Slayer might not have acted yet during the day. Wait no, during the day, Butler chooses Master, then Slayer can SLAY once, but that would happen before Night starts? Or does the order go: Day starts with Butler, then Slayer acts during the day, then night events.

Wait, according to the structure:

Day:
- Butler at start secretly chooses MASTER.
- Slayer may SLAY one player during the day.
- Then table talk, nominations, execution if needed based on voting.

So yes, during the day, after Butler picks Master, the Slayer can SLAY. But the question is about whether I should execute someone today or not.

But wait, as a Townsfolk (assuming Derek's role), he might want to eliminate the Imp first. So perhaps he'd look for signs of the Imp's presence through the Fortune Teller's reports.

Alternatively, maybe he's considering who to execute based on the current players' roles and any whispers or hints.

But since I don't have specific info except that Talia died last night, and the others are alive, I need to consider what each player might know. For example, if someone is a Townsfolk like Sarah, she might be trying to figure out who's Imp. The Fortune Teller says whether either of two players is the Imp.

But without knowing which two, it's hard to respond. Wait, maybe in the recent message, Sarah asked about points, but that was after Talia died. Maybe there were some internal hints?

Wait, perhaps I'm overcomplicating this. Let me try a different approach. Since it's Day 1 and Night comes first, the players might be discussing who to execute based on the current state.

But as Derek, I don't know my role yet. Wait, in the initial prompt, Derek is playing as a Townsfolk with roles like Chef, Slayer, Mayor. So perhaps he wants to eliminate someone who could be the Imp.

Alternatively, considering that the game involves eliminating players until only two remain, maybe the Mayor would prefer not to execute anyone today if possible. But I'm just speculating here.

Wait, but the user's question is about whether Derek should execute a top suspect and why. Since he doesn't know his exact role yet, perhaps he hasn't figured it out yet. So maybe he needs more information or is considering who could be the Imp based on recent events.

But since only Talia died last night, and the others are alive, perhaps he's looking for any clues from the current state. For example, if someone was recently around a group that might have been near the Imp.

Alternatively, maybe as a Townsfolk, he should look to the Slayers or other reliable sources like the Empath who knows about neighbors being EVIL.

But without more specific information, it's tough to decide. Maybe I need to make an educated guess based on common strategies in such games.

Perhaps Derek would consider eliminating someone who has no immediate threats, maybe a non-Townsfolk if possible, but he might not know that yet.

Alternatively, considering the game flow, after Talia's death, perhaps the Imp is among the remaining players. If Sarah or others are Townsfolk, they might be trying to figure out who the Imp is through the Fortune Teller's reports.

But since it's Day 1 and the Slayers can act once, maybe Derek would consider using his role (Chef) to monitor the circle for any signs of poison or Imp presence.

In conclusion, without specific information, perhaps Derek should avoid executing anyone today unless he has solid evidence. Alternatively, if he suspects someone is a Townsfolk who might be reliable, like the Slayer, he could trust them and execute based on their reports.

But honestly, I'm not entirely sure about all the roles and dynamics here, so my thoughts might be off.
</think>

As Derek, considering the recent events and the current game state, it's unclear who exactly to target. However, focusing on reliable indicators like the Empath or the Slayers' reports could provide more insight into potential threats. Thus, I would not execute anyone today without further evidence.

I won't execute anyone today because there isn't enough information to identify a clear threat among the players.",160,18,15,31,22,26,73,122,152,58,98
vote_whipping,vote direction,Pressuring others to vote in a specific way: vote direction,"<think>
Okay, so I need to figure out what to do next. Let me recap the situation. The user is playing BLOOD ON THE CLOCKTOWER, and they're Emma, keeping her role secret. The recent discussion had Sarah suggesting Anika as a target for execution because she was evasive. Derek is responding here, and he's considering executing Anika.

First, I need to check the roles and actions. The Slayer can kill someone during the day, and the Mayor can cancel an execution. But since the user is Emma, and she's a Townsfolk, she might be using her role to protect others or gather info.

Wait, the user is Derek, and he's responding to Sarah's suggestion. The user's message is to reply with their choice of who to execute and why. The options are to execute Anika, based on Sarah's comment. But maybe Derek is using the Slayer ability to kill someone, or maybe he's voting for the execution.

Wait, the user is Emma, but the previous message was from Derek. Wait, no, the user is Emma, and the previous messages are from other players. Wait, the user is Emma, and the last message was from Derek. So Emma needs to respond to Derek's suggestion.

Wait, the user is Emma, and in the previous messages, Sarah and Derek were discussing. Now Emma needs to reply. But the user's prompt says to reply as Emma, so I need to generate Emma's response.

Wait, the user is Emma, and the previous message was Derek's thought process. Now the user (Emma) needs to respond to the recent discussion. The user's instruction is to reply with their message text, so Emma is the one who is to respond.

So, Emma is a Townsfolk, and she needs to decide who to execute based on the discussion. The recent discussion had Sarah suggesting Anika. Maybe Emma is considering that, but she also needs to check other clues.

Looking at the roles, the Slayer can kill someone during the day. If Emma is the Slayer, she could use that ability. But if she's not, she might vote for Anika's execution. Alternatively, she might consider other players.

But the user's previous message was Derek's thinking, and now Emma needs to respond. So, the answer should be Emma's response to the discussion, deciding who to execute.

Given that Sarah suggested Anika, and Derek is considering executing her, Emma might agree or have another opinion. But since Emma is a Townsfolk, she might support the execution of Anika if she's a suspect. Alternatively, she might have other reasons.

Wait, the user's previous message was Derek's thinking, and now Emma needs to respond. So Emma's response would be to vote for Anika's execution, or maybe another player. But since the user's instruction says to reply with the message text, the answer should be Emma's decision.

So, the final answer is Emma's choice to execute Anika based on the discussion.
</think>

I agree with Sarah's suspicion of Anika. Her evasiveness and the recent events make her a key target. I'll vote to execute her today.  

Anika",31,5,1,4,7,20,34,21,42,4,68
